{"cameraMode":{"drawMode":0,"name":"Shaded","section":"Shading Mode"},"sceneLighting":false,"audioPlay":false,"sceneViewState":{"m_AlwaysRefresh":false,"showFog":true,"showSkybox":false,"showFlares":true,"showImageEffects":true,"showParticleSystems":true,"showVisualEffectGraphs":true,"m_FxEnabled":true},"in2DMode":false,"pivot":{"x":0.07627582550048828,"y":1.2699999809265137,"z":-0.07581520080566406},"rotation":{"x":-0.3150081932544708,"y":0.2553294599056244,"z":-0.08841519057750702,"w":-0.9098480343818665},"size":0.8660253882408142,"orthographic":false}